Workbook

Sheet MOD-1
A1: ФИО | B1: Колледж | C1: Имя пользователя | D1: Вариант | E1: Пункты задания (МАКС 13) | F1: Балл по критериям (МАКС 25) | G1: Итог по логам
A2: Деркач Фёдор Вадимович | B2: ГБПОУ КАИТ Nº 20 | C2: Student-m1-01 | D2: test_m1v1 | E2: 4 | F2: 7 | G2: 📊 ИТОГОВЫЙ ОТЧЁТ: ============================================================ Пункт 1: FQDN: ❌ НЕ ПРОЙДЕН Пункт 2: IPv4-адресация: ❌ НЕ ПРОЙДЕН Пункт 3: Учётные записи: ✅ ПРОЙДЕН Пункт 4: Коммутация: ✅ ПРОЙДЕН Пункт 5: Безопасный SSH: ❌ НЕ ПРОЙДЕН Пункт 6: Интерфейсы на RTR: ✅ ПРОЙДЕН Пункт 7: GRE-туннель: ❌ НЕ ПРОЙДЕН Пункт 8: OSPF: ❌ НЕ ПРОЙДЕН Пункт 9: NAT: ❌ НЕ ПРОЙДЕН Пункт 10: DHCP: ✅ ПРОЙДЕН Пункт 11: DNS: ❌ НЕ ПРОЙДЕН Пункт 12: Пинги по FQDN: ❌ НЕ ПРОЙДЕН Пункт 13: Проверка ISP: ❌ НЕ ПРОЙДЕН
A3: Черных Никита Олегович | B3: иная | C3: Student-m1-02 | D3: test_m1v1 | E3: 4 | F3: 7 | G3: 📊 ИТОГОВЫЙ ОТЧЁТ: ============================================================ Пункт 1: FQDN: ❌ НЕ ПРОЙДЕН Пункт 2: IPv4-адресация: ❌ НЕ ПРОЙДЕН Пункт 3: Учётные записи: ✅ ПРОЙДЕН Пункт 4: Коммутация: ✅ ПРОЙДЕН Пункт 5: Безопасный SSH: ❌ НЕ ПРОЙДЕН Пункт 6: Интерфейсы на RTR: ✅ ПРОЙДЕН Пункт 7: GRE-туннель: ❌ НЕ ПРОЙДЕН Пункт 8: OSPF: ❌ НЕ ПРОЙДЕН Пункт 9: NAT: ❌ НЕ ПРОЙДЕН Пункт 10: DHCP: ✅ ПРОЙДЕН Пункт 11: DNS: ❌ НЕ ПРОЙДЕН Пункт 12: Пинги по FQDN: ❌ НЕ ПРОЙДЕН Пункт 13: Проверка ISP: ❌ НЕ ПРОЙДЕН
A4: Мамедов Дмитрий Сехранович | B4: иная | C4: Student-m1-03 | D4: test_m1v1 | E4: 4 | F4: 7 | G4: 📊 ИТОГОВЫЙ ОТЧЁТ: ============================================================ Пункт 1: FQDN: ❌ НЕ ПРОЙДЕН Пункт 2: IPv4-адресация: ❌ НЕ ПРОЙДЕН Пункт 3: Учётные записи: ✅ ПРОЙДЕН Пункт 4: Коммутация: ✅ ПРОЙДЕН Пункт 5: Безопасный SSH: ❌ НЕ ПРОЙДЕН Пункт 6: Интерфейсы на RTR: ✅ ПРОЙДЕН Пункт 7: GRE-туннель: ❌ НЕ ПРОЙДЕН Пункт 8: OSPF: ❌ НЕ ПРОЙДЕН Пункт 9: NAT: ❌ НЕ ПРОЙДЕН Пункт 10: DHCP: ✅ ПРОЙДЕН Пункт 11: DNS: ❌ НЕ ПРОЙДЕН Пункт 12: Пинги по FQDN: ❌ НЕ ПРОЙДЕН Пункт 13: Проверка ISP: ❌ НЕ ПРОЙДЕН
A5: Серегин Максим Андреевич | B5: ГБПОУ Колледж «Царицыно» | C5: Student-m1-04 | D5: test_m1v1 | E5: 4 | F5: 7 | G5: 📊 ИТОГОВЫЙ ОТЧЁТ: ============================================================ Пункт 1: FQDN: ❌ НЕ ПРОЙДЕН Пункт 2: IPv4-адресация: ❌ НЕ ПРОЙДЕН Пункт 3: Учётные записи: ✅ ПРОЙДЕН Пункт 4: Коммутация: ✅ ПРОЙДЕН Пункт 5: Безопасный SSH: ❌ НЕ ПРОЙДЕН Пункт 6: Интерфейсы на RTR: ✅ ПРОЙДЕН Пункт 7: GRE-туннель: ❌ НЕ ПРОЙДЕН Пункт 8: OSPF: ❌ НЕ ПРОЙДЕН Пункт 9: NAT: ❌ НЕ ПРОЙДЕН Пункт 10: DHCP: ✅ ПРОЙДЕН Пункт 11: DNS: ❌ НЕ ПРОЙДЕН Пункт 12: Пинги по FQDN: ❌ НЕ ПРОЙДЕН Пункт 13: Проверка ISP: ❌ НЕ ПРОЙДЕН
A6: Спирин Иван Дмитриевич | B6: ГБПОУ Колледж «Царицыно» | C6: Student-m1-05 | D6: test_m1v1 | E6: 4 | F6: 7 | G6: 📊 ИТОГОВЫЙ ОТЧЁТ: ============================================================ Пункт 1: FQDN: ❌ НЕ ПРОЙДЕН Пункт 2: IPv4-адресация: ❌ НЕ ПРОЙДЕН Пункт 3: Учётные записи: ✅ ПРОЙДЕН Пункт 4: Коммутация: ✅ ПРОЙДЕН Пункт 5: Безопасный SSH: ❌ НЕ ПРОЙДЕН Пункт 6: Интерфейсы на RTR: ✅ ПРОЙДЕН Пункт 7: GRE-туннель: ❌ НЕ ПРОЙДЕН Пункт 8: OSPF: ❌ НЕ ПРОЙДЕН Пункт 9: NAT: ❌ НЕ ПРОЙДЕН Пункт 10: DHCP: ✅ ПРОЙДЕН Пункт 11: DNS: ❌ НЕ ПРОЙДЕН Пункт 12: Пинги по FQDN: ❌ НЕ ПРОЙДЕН Пункт 13: Проверка ISP: ❌ НЕ ПРОЙДЕН
A7: Ефремов Андрей Сергеевич | B7: ГБПОУ КС Nº 54 | C7: Student-m1-06 | D7: test_m1v1 | E7: 5 | F7: 8 | G7: 📊 ИТОГОВЫЙ ОТЧЁТ: ============================================================ Пункт 1: FQDN: ✅ ПРОЙДЕН Пункт 2: IPv4-адресация: ❌ НЕ ПРОЙДЕН Пункт 3: Учётные записи: ✅ ПРОЙДЕН Пункт 4: Коммутация: ✅ ПРОЙДЕН Пункт 5: Безопасный SSH: ❌ НЕ ПРОЙДЕН Пункт 6: Интерфейсы на RTR: ✅ ПРОЙДЕН Пункт 7: GRE-туннель: ❌ НЕ ПРОЙДЕН Пункт 8: OSPF: ❌ НЕ ПРОЙДЕН Пункт 9: NAT: ❌ НЕ ПРОЙДЕН Пункт 10: DHCP: ✅ ПРОЙДЕН Пункт 11: DNS: ❌ НЕ ПРОЙДЕН Пункт 12: Пинги по FQDN: ❌ НЕ ПРОЙДЕН Пункт 13: Проверка ISP: ❌ НЕ ПРОЙДЕН
A8: Гладков Даниил Алексеевич | B8: ГБПОУ КС Nº 54 | C8: Student-m1-07 | D8: test_m1v1 | E8: 4 | F8: 7 | G8: 📊 ИТОГОВЫЙ ОТЧЁТ: ============================================================ Пункт 1: FQDN: ❌ НЕ ПРОЙДЕН Пункт 2: IPv4-адресация: ❌ НЕ ПРОЙДЕН Пункт 3: Учётные записи: ✅ ПРОЙДЕН Пункт 4: Коммутация: ✅ ПРОЙДЕН Пункт 5: Безопасный SSH: ❌ НЕ ПРОЙДЕН Пункт 6: Интерфейсы на RTR: ✅ ПРОЙДЕН Пункт 7: GRE-туннель: ❌ НЕ ПРОЙДЕН Пункт 8: OSPF: ❌ НЕ ПРОЙДЕН Пункт 9: NAT: ❌ НЕ ПРОЙДЕН Пункт 10: DHCP: ✅ ПРОЙДЕН Пункт 11: DNS: ❌ НЕ ПРОЙДЕН Пункт 12: Пинги по FQDN: ❌ НЕ ПРОЙДЕН Пункт 13: Проверка ISP: ❌ НЕ ПРОЙДЕН
A9: Линник Николай Александрович | B9: ГБПОУ КП Nº 11 | C9: Student-m1-08 | D9: test_m1v1 | E9: 2 | F9: 4 | G9: 📊 ИТОГОВЫЙ ОТЧЁТ: ============================================================ Пункт 1: FQDN: ✅ ПРОЙДЕН Пункт 2: IPv4-адресация: ❌ НЕ ПРОЙДЕН Пункт 3: Учётные записи: ❌ НЕ ПРОЙДЕН Пункт 4: Коммутация: ✅ ПРОЙДЕН Пункт 5: Безопасный SSH: ❌ НЕ ПРОЙДЕН Пункт 6: Интерфейсы на RTR: ❌ НЕ ПРОЙДЕН Пункт 7: GRE-туннель: ❌ НЕ ПРОЙДЕН Пункт 8: OSPF: ❌ НЕ ПРОЙДЕН Пункт 9: NAT: ❌ НЕ ПРОЙДЕН Пункт 10: DHCP: ❌ НЕ ПРОЙДЕН Пункт 11: DNS: ❌ НЕ ПРОЙДЕН Пункт 12: Пинги по FQDN: ❌ НЕ ПРОЙДЕН Пункт 13: Проверка ISP: ❌ НЕ ПРОЙДЕН
A10: Бодаев Михаил Михайлович | B10: ГБПОУ КС Nº 54 | C10: Student-m1-09 | D10: test_m1v1 | E10: 5 | F10: 8 | G10: 📊 ИТОГОВЫЙ ОТЧЁТ: ============================================================ Пункт 1: FQDN: ✅ ПРОЙДЕН Пункт 2: IPv4-адресация: ❌ НЕ ПРОЙДЕН Пункт 3: Учётные записи: ✅ ПРОЙДЕН Пункт 4: Коммутация: ✅ ПРОЙДЕН Пункт 5: Безопасный SSH: ❌ НЕ ПРОЙДЕН Пункт 6: Интерфейсы на RTR: ✅ ПРОЙДЕН Пункт 7: GRE-туннель: ❌ НЕ ПРОЙДЕН Пункт 8: OSPF: ❌ НЕ ПРОЙДЕН Пункт 9: NAT: ❌ НЕ ПРОЙДЕН Пункт 10: DHCP: ✅ ПРОЙДЕН Пункт 11: DNS: ❌ НЕ ПРОЙДЕН Пункт 12: Пинги по FQDN: ❌ НЕ ПРОЙДЕН Пункт 13: Проверка ISP: ❌ НЕ ПРОЙДЕН
A11: Коханный Максим Владимирович | B11: иная | C11: Student-m1-10 | D11: test_m1v1 | E11: 6 | F11: 8 | G11: 📊 ИТОГОВЫЙ ОТЧЁТ: ============================================================ Пункт 1: FQDN: ✅ ПРОЙДЕН Пункт 2: IPv4-адресация: ❌ НЕ ПРОЙДЕН Пункт 3: Учётные записи: ✅ ПРОЙДЕН Пункт 4: Коммутация: ✅ ПРОЙДЕН Пункт 5: Безопасный SSH: ❌ НЕ ПРОЙДЕН Пункт 6: Интерфейсы на RTR: ✅ ПРОЙДЕН Пункт 7: GRE-туннель: ❌ НЕ ПРОЙДЕН Пункт 8: OSPF: ❌ НЕ ПРОЙДЕН Пункт 9: NAT: ❌ НЕ ПРОЙДЕН Пункт 10: DHCP: ✅ ПРОЙДЕН Пункт 11: DNS: ❌ НЕ ПРОЙДЕН Пункт 12: Пинги по FQDN: ❌ НЕ ПРОЙДЕН Пункт 13: Проверка ISP: ✅ ПРОЙДЕН
A12: Архипова Мария Сергеевна | B12: иная | C12: Student-m1-11 | D12: test_m1v1 | E12: 4 | F12: 8 | G12: 📊 ИТОГОВЫЙ ОТЧЁТ: ============================================================ Пункт 1: FQDN: ❌ НЕ ПРОЙДЕН Пункт 2: IPv4-адресация: ❌ НЕ ПРОЙДЕН Пункт 3: Учётные записи: ✅ ПРОЙДЕН Пункт 4: Коммутация: ✅ ПРОЙДЕН Пункт 5: Безопасный SSH: ❌ НЕ ПРОЙДЕН Пункт 6: Интерфейсы на RTR: ✅ ПРОЙДЕН Пункт 7: GRE-туннель: ❌ НЕ ПРОЙДЕН Пункт 8: OSPF: ❌ НЕ ПРОЙДЕН Пункт 9: NAT: ❌ НЕ ПРОЙДЕН Пункт 10: DHCP: ✅ ПРОЙДЕН Пункт 11: DNS: ❌ НЕ ПРОЙДЕН Пункт 12: Пинги по FQDN: ❌ НЕ ПРОЙДЕН Пункт 13: Проверка ISP: ❌ НЕ ПРОЙДЕН
A13: Кошелев Максим Алексеевич | B13: ГБПОУ КП Nº 11 | C13: Student-m1-12 | D13: test_m1v1 | E13: 6 | F13: 11 | G13: 📊 ИТОГОВЫЙ ОТЧЁТ: ============================================================ Пункт 1: FQDN: ✅ ПРОЙДЕН Пункт 2: IPv4-адресация: ✅ ПРОЙДЕН Пункт 3: Учётные записи: ✅ ПРОЙДЕН Пункт 4: Коммутация: ✅ ПРОЙДЕН Пункт 5: Безопасный SSH: ❌ НЕ ПРОЙДЕН Пункт 6: Интерфейсы на RTR: ✅ ПРОЙДЕН Пункт 7: GRE-туннель: ❌ НЕ ПРОЙДЕН Пункт 8: OSPF: ❌ НЕ ПРОЙДЕН Пункт 9: NAT: ❌ НЕ ПРОЙДЕН Пункт 10: DHCP: ✅ ПРОЙДЕН Пункт 11: DNS: ❌ НЕ ПРОЙДЕН Пункт 12: Пинги по FQDN: ❌ НЕ ПРОЙДЕН Пункт 13: Проверка ISP: ❌ НЕ ПРОЙДЕН
... A22: Аносов Игорь Андреевич | B22: иная | C22: Student-m1-21 | D22: test_m1v1 | E22: 4 | F22: 7 | G22: 📊 ИТОГОВЫЙ ОТЧЁТ: ============================================================ Пункт 1: FQDN: ❌ НЕ ПРОЙДЕН Пункт 2: IPv4-адресация: ❌ НЕ ПРОЙДЕН Пункт 3: Учётные записи: ✅ ПРОЙДЕН Пункт 4: Коммутация: ✅ ПРОЙДЕН Пункт 5: Безопасный SSH: ❌ НЕ ПРОЙДЕН Пункт 6: Интерфейсы на RTR: ✅ ПРОЙДЕН Пункт 7: GRE-туннель: ❌ НЕ ПРОЙДЕН Пункт 8: OSPF: ❌ НЕ ПРОЙДЕН Пункт 9: NAT: ❌ НЕ ПРОЙДЕН Пункт 10: DHCP: ✅ ПРОЙДЕН Пункт 11: DNS: ❌ НЕ ПРОЙДЕН Пункт 12: Пинги по FQDN: ❌ НЕ ПРОЙДЕН Пункт 13: Проверка ISP: ❌ НЕ ПРОЙДЕН 📈 Выполнено 4 из 13 пунктов.

Sheet MOD-2
A1: ФИО | B1: Колледж | C1: Имя пользователя | D1: Вариант | E1: Пункты задания (МАКС 10) | F1: Балл по критериям (МАКС 25) | G1: Итог по логам
A2: Деркач Фёдор Вадимович | B2: ГБПОУ КАИТ Nº 20 | C2: Student-m2-01 | D2: test_m2v1 | E2: 4 | F2: 12 | G2: 📊 ИТОГОВЫЙ ОТЧЁТ: ============================================================ Пункт 1: Samba DC: ❌ НЕ ПРОЙДЕН Пункт 2: RAID 0: ✅ ПРОЙДЕН Пункт 3: NFS: ❌ НЕ ПРОЙДЕН Пункт 4: Chrony: ❌ НЕ ПРОЙДЕН Пункт 5: Ansible: ❌ НЕ ПРОЙДЕН Пункт 6: Docker: ✅ ПРОЙДЕН Пункт 7: Веб-приложение: ❌ НЕ ПРОЙДЕН Пункт 8: Nginx Reverse Proxy: ✅ ПРОЙДЕН Пункт 9: Web Auth: ❌ НЕ ПРОЙДЕН Пункт 10: Yandex Browser: ✅ ПРОЙДЕН 📈 Выполнено 4.00 из 10.00 пунктов.
A3: Черных Никита Олегович | B3: иная | C3: Student-m2-02 | D3: test_m2v1 | E3: 4 | F3: 12 | G3: 📊 ИТОГОВЫЙ ОТЧЁТ: ============================================================ Пункт 1: Samba DC: ❌ НЕ ПРОЙДЕН Пункт 2: RAID 0: ✅ ПРОЙДЕН Пункт 3: NFS: ❌ НЕ ПРОЙДЕН Пункт 4: Chrony: ❌ НЕ ПРОЙДЕН Пункт 5: Ansible: ❌ НЕ ПРОЙДЕН Пункт 6: Docker: ✅ ПРОЙДЕН Пункт 7: Веб-приложение: ❌ НЕ ПРОЙДЕН Пункт 8: Nginx Reverse Proxy: ✅ ПРОЙДЕН Пункт 9: Web Auth: ❌ НЕ ПРОЙДЕН Пункт 10: Yandex Browser: ✅ ПРОЙДЕН 📈 Выполнено 4.00 из 10.00 пунктов.
A4: Мамедов Дмитрий Сехранович | B4: иная | C4: Student-m2-03 | D4: test_m2v1 | E4: 4 | F4: 12 | G4: 📊 ИТОГОВЫЙ ОТЧЁТ: ============================================================ Пункт 1: Samba DC: ❌ НЕ ПРОЙДЕН Пункт 2: RAID 0: ✅ ПРОЙДЕН Пункт 3: NFS: ❌ НЕ ПРОЙДЕН Пункт 4: Chrony: ❌ НЕ ПРОЙДЕН Пункт 5: Ansible: ❌ НЕ ПРОЙДЕН Пункт 6: Docker: ✅ ПРОЙДЕН Пункт 7: Веб-приложение: ❌ НЕ ПРОЙДЕН Пункт 8: Nginx Reverse Proxy: ✅ ПРОЙДЕН Пункт 9: Web Auth: ❌ НЕ ПРОЙДЕН Пункт 10: Yandex Browser: ✅ ПРОЙДЕН 📈 Выполнено 4.00 из 10.00 пунктов.
A5: Серегин Максим Андреевич | B5: ГБПОУ Колледж «Царицыно» | C5: Student-m2-04 | D5: test_m2v1 | E5: 3 | F5: 9 | G5: 📊 ИТОГОВЫЙ ОТЧЁТ: ============================================================ Пункт 1: Samba DC: ❌ НЕ ПРОЙДЕН Пункт 2: RAID 0: ✅ ПРОЙДЕН Пункт 3: NFS: ❌ НЕ ПРОЙДЕН Пункт 4: Chrony: ❌ НЕ ПРОЙДЕН Пункт 5: Ansible: ❌ НЕ ПРОЙДЕН Пункт 6: Docker: ❌ НЕ ПРОЙДЕН Пункт 7: Веб-приложение: ❌ НЕ ПРОЙДЕН Пункт 8: Nginx Reverse Proxy: ✅ ПРОЙДЕН Пункт 9: Web Auth: ❌ НЕ ПРОЙДЕН Пункт 10: Yandex Browser: ✅ ПРОЙДЕН 📈 Выполнено 3.00 из 10.00 пунктов.
A6: Спирин Иван Дмитриевич | B6: ГБПОУ Колледж «Царицыно» | C6: Student-m2-05 | D6: test_m2v1 | E6: 4 | F6: 11 | G6: 📊 ИТОГОВЫЙ ОТЧЁТ: ============================================================ Пункт 1: Samba DC: ❌ НЕ ПРОЙДЕН Пункт 2: RAID 0: ✅ ПРОЙДЕН Пункт 3: NFS: ❌ НЕ ПРОЙДЕН Пункт 4: Chrony: ❌ НЕ ПРОЙДЕН Пункт 5: Ansible: ❌ НЕ ПРОЙДЕН Пункт 6: Docker: ✅ ПРОЙДЕН Пункт 7: Веб-приложение: ❌ НЕ ПРОЙДЕН Пункт 8: Nginx Reverse Proxy: ✅ ПРОЙДЕН Пункт 9: Web Auth: ❌ НЕ ПРОЙДЕН Пункт 10: Yandex Browser: ✅ ПРОЙДЕН 📈 Выполнено 4.00 из 10.00 пунктов.
A7: Ефремов Андрей Сергеевич | B7: ГБПОУ КС Nº 54 | C7: Student-m2-06 | D7: test_m2v1 | E7: 4 | F7: 12 | G7: 📊 ИТОГОВЫЙ ОТЧЁТ: ============================================================ Пункт 1: Samba DC: ❌ НЕ ПРОЙДЕН Пункт 2: RAID 0: ✅ ПРОЙДЕН Пункт 3: NFS: ❌ НЕ ПРОЙДЕН Пункт 4: Chrony: ❌ НЕ ПРОЙДЕН Пункт 5: Ansible: ❌ НЕ ПРОЙДЕН Пункт 6: Docker: ✅ ПРОЙДЕН Пункт 7: Веб-приложение: ❌ НЕ ПРОЙДЕН Пункт 8: Nginx Reverse Proxy: ✅ ПРОЙДЕН Пункт 9: Web Auth: ❌ НЕ ПРОЙДЕН Пункт 10: Yandex Browser: ✅ ПРОЙДЕН 📈 Выполнено 4.00 из 10.00 пунктов.
A8: Гладков Даниил Алексеевич | B8: ГБПОУ КС Nº 54 | C8: Student-m2-07 | D8: test_m2v1 | E8: 5 | F8: 14 | G8: 📊 ИТОГОВЫЙ ОТЧЁТ: ============================================================ Пункт 1: Samba DC: ❌ НЕ ПРОЙДЕН Пункт 2: RAID 0: ✅ ПРОЙДЕН Пункт 3: NFS: ✅ ПРОЙДЕН Пункт 4: Chrony: ❌ НЕ ПРОЙДЕН Пункт 5: Ansible: ❌ НЕ ПРОЙДЕН Пункт 6: Docker: ✅ ПРОЙДЕН Пункт 7: Веб-приложение: ❌ НЕ ПРОЙДЕН Пункт 8: Nginx Reverse Proxy: ✅ ПРОЙДЕН Пункт 9: Web Auth: ❌ НЕ ПРОЙДЕН Пункт 10: Yandex Browser: ✅ ПРОЙДЕН 📈 Выполнено 5.00 из 10.00 пунктов.
A9: Линник Николай Александрович | B9: ГБПОУ КП Nº 11 | C9: Student-m2-08 | D9: test_m2v1 | E9: 2 | F9: 11 | G9: 📊 ИТОГОВЫЙ ОТЧЁТ: ============================================================ Пункт 1: Samba DC: ❌ НЕ ПРОЙДЕН Пункт 2: RAID 0: ✅ ПРОЙДЕН Пункт 3: NFS: ❌ НЕ ПРОЙДЕН Пункт 4: Chrony: ❌ НЕ ПРОЙДЕН Пункт 5: Ansible: ❌ НЕ ПРОЙДЕН Пункт 6: Docker: ❌ НЕ ПРОЙДЕН Пункт 7: Веб-приложение: ❌ НЕ ПРОЙДЕН Пункт 8: Nginx Reverse Proxy: ✅ ПРОЙДЕН Пункт 9: Web Auth: ❌ НЕ ПРОЙДЕН Пункт 10: Yandex Browser: ❌ НЕ ПРОЙДЕН 📈 Выполнено 2.00 из 10.00 пунктов.
A10: Бодаев Михаил Михайлович | B10: ГБПОУ КС Nº 54 | C10: Student-m2-09 | D10: test_m2v1 | E10: 3 | F10: 12 | G10: 📊 ИТОГОВЫЙ ОТЧЁТ: ============================================================ Пункт 1: Samba DC: ❌ НЕ ПРОЙДЕН Пункт 2: RAID 0: ✅ ПРОЙДЕН Пункт 3: NFS: ❌ НЕ ПРОЙДЕН Пункт 4: Chrony: ❌ НЕ ПРОЙДЕН Пункт 5: Ansible: ❌ НЕ ПРОЙДЕН Пункт 6: Docker: ❌ НЕ ПРОЙДЕН Пункт 7: Веб-приложение: ❌ НЕ ПРОЙДЕН Пункт 8: Nginx Reverse Proxy: ✅ ПРОЙДЕН Пункт 9: Web Auth: ❌ НЕ ПРОЙДЕН Пункт 10: Yandex Browser: ✅ ПРОЙДЕН 📈 Выполнено 3.00 из 10.00 пунктов.
A11: Коханный Максим Владимирович | B11: иная | C11: Student-m2-10 | D11: test_m2v1 | E11: 3 | F11: 12 | G11: 📊 ИТОГОВЫЙ ОТЧЁТ: ============================================================ Пункт 1: Samba DC: ❌ НЕ ПРОЙДЕН Пункт 2: RAID 0: ✅ ПРОЙДЕН Пункт 3: NFS: ❌ НЕ ПРОЙДЕН Пункт 4: Chrony: ❌ НЕ ПРОЙДЕН Пункт 5: Ansible: ❌ НЕ ПРОЙДЕН Пункт 6: Docker: ❌ НЕ ПРОЙДЕН Пункт 7: Веб-приложение: ❌ НЕ ПРОЙДЕН Пункт 8: Nginx Reverse Proxy: ✅ ПРОЙДЕН Пункт 9: Web Auth: ❌ НЕ ПРОЙДЕН Пункт 10: Yandex Browser: ✅ ПРОЙДЕН 📈 Выполнено 3.00 из 10.00 пунктов.
A12: Архипова Мария Сергеевна | B12: иная | C12: Student-m2-11 | D12: test_m2v1 | E12: 5 | F12: 14 | G12: 📊 ИТОГОВЫЙ ОТЧЁТ: ============================================================ Пункт 1: Samba DC: ❌ НЕ ПРОЙДЕН Пункт 2: RAID 0: ✅ ПРОЙДЕН Пункт 3: NFS: ✅ ПРОЙДЕН Пункт 4: Chrony: ❌ НЕ ПРОЙДЕН Пункт 5: Ansible: ❌ НЕ ПРОЙДЕН Пункт 6: Docker: ✅ ПРОЙДЕН Пункт 7: Веб-приложение: ❌ НЕ ПРОЙДЕН Пункт 8: Nginx Reverse Proxy: ✅ ПРОЙДЕН Пункт 9: Web Auth: ❌ НЕ ПРОЙДЕН Пункт 10: Yandex Browser: ✅ ПРОЙДЕН 📈 Выполнено 5.00 из 10.00 пунктов.
A13: Кошелев Максим Алексеевич | B13: ГБПОУ КП Nº 11 | C13: Student-m2-12 | D13: test_m2v1 | E13: 5 | F13: 12 | G13: 📊 ИТОГОВЫЙ ОТЧЁТ: ============================================================ Пункт 1: Samba DC: ❌ НЕ ПРОЙДЕН Пункт 2: RAID 0: ✅ ПРОЙДЕН Пункт 3: NFS: ✅ ПРОЙДЕН Пункт 4: Chrony: ❌ НЕ ПРОЙДЕН Пункт 5: Ansible: ❌ НЕ ПРОЙДЕН Пункт 6: Docker: ❌ НЕ ПРОЙДЕН Пункт 7: Веб-приложение: ❌ НЕ ПРОЙДЕН Пункт 8: Nginx Reverse Proxy: ✅ ПРОЙДЕН Пункт 9: Web Auth: ✅ ПРОЙДЕН Пункт 10: Yandex Browser: ✅ ПРОЙДЕН 📈 Выполнено 5.00 из 10.00 пунктов.
... A22: Аносов Игорь Андреевич | B22: иная | C22: Student-m2-21 | D22: test_m2v1 | E22: 3 | F22: 12 | G22: 📊 ИТОГОВЫЙ ОТЧЁТ: ============================================================ Пункт 1: Samba DC: ❌ НЕ ПРОЙДЕН Пункт 2: RAID 0: ✅ ПРОЙДЕН Пункт 3: NFS: ❌ НЕ ПРОЙДЕН Пункт 4: Chrony: ❌ НЕ ПРОЙДЕН Пункт 5: Ansible: ❌ НЕ ПРОЙДЕН Пункт 6: Docker: ❌ НЕ ПРОЙДЕН Пункт 7: Веб-приложение: ❌ НЕ ПРОЙДЕН Пункт 8: Nginx Reverse Proxy: ✅ ПРОЙДЕН Пункт 9: Web Auth: ❌ НЕ ПРОЙДЕН Пункт 10: Yandex Browser: ✅ ПРОЙДЕН 📈 Выполнено 3.00 из 10.00 пунктов.

Sheet MOD-3
A1: ФИО | B1: Колледж | C1: Имя пользователя | D1: Вариант | E1: Пункты задания (МАКС 10) | F1: Балл по критериям (МАКС 25) | G1: Итог по логам
A2: Деркач Фёдор Вадимович | B2: ГБПОУ КАИТ Nº 20 | C2: Student-m2-01 | D2: test_m3v1 | E2: 2 | F2: 4 | G2: 📊 ИТОГОВЫЙ ОТЧЁТ: ============================================================ Пункт 1: Импорт пользователей: ❌ НЕ ПРОЙДЕН Пункт 2: Центр сертификации: ❌ НЕ ПРОЙДЕН Пункт 3: IPsec: ✅ ПРОЙДЕН Пункт 4: Межсетевой экран: ✅ ПРОЙДЕН Пункт 5: CUPS: ❌ НЕ ПРОЙДЕН Пункт 6: Syslog: ❌ НЕ ПРОЙДЕН Пункт 7: Zabbix: ❌ НЕ ПРОЙДЕН Пункт 8: Ansible инвентаризация: ❌ НЕ ПРОЙДЕН Пункт 9: PAM/fail2ban: ❌ НЕ ПРОЙДЕН Пункт 10: Резервное копирование: ❌ НЕ ПРОЙДЕН 📈 Выполнено 2.00 из 10.00 пунктов.
A3: Черных Никита Олегович | B3: иная | C3: Student-m2-02 | D3: test_m3v1 | E3: 2 | F3: 4 | G3: 📊 ИТОГОВЫЙ ОТЧЁТ: ============================================================ Пункт 1: Импорт пользователей: ❌ НЕ ПРОЙДЕН Пункт 2: Центр сертификации: ❌ НЕ ПРОЙДЕН Пункт 3: IPsec: ✅ ПРОЙДЕН Пункт 4: Межсетевой экран: ✅ ПРОЙДЕН Пункт 5: CUPS: ❌ НЕ ПРОЙДЕН Пункт 6: Syslog: ❌ НЕ ПРОЙДЕН Пункт 7: Zabbix: ❌ НЕ ПРОЙДЕН Пункт 8: Ansible инвентаризация: ❌ НЕ ПРОЙДЕН Пункт 9: PAM/fail2ban: ❌ НЕ ПРОЙДЕН Пункт 10: Резервное копирование: ❌ НЕ ПРОЙДЕН 📈 Выполнено 2.00 из 10.00 пунктов.
A4: Мамедов Дмитрий Сехранович | B4: иная | C4: Student-m2-03 | D4: test_m3v1 | E4: 2 | F4: 4 | G4: 📊 ИТОГОВЫЙ ОТЧЁТ: ============================================================ Пункт 1: Импорт пользователей: ❌ НЕ ПРОЙДЕН Пункт 2: Центр сертификации: ❌ НЕ ПРОЙДЕН Пункт 3: IPsec: ✅ ПРОЙДЕН Пункт 4: Межсетевой экран: ✅ ПРОЙДЕН Пункт 5: CUPS: ❌ НЕ ПРОЙДЕН Пункт 6: Syslog: ❌ НЕ ПРОЙДЕН Пункт 7: Zabbix: ❌ НЕ ПРОЙДЕН Пункт 8: Ansible инвентаризация: ❌ НЕ ПРОЙДЕН Пункт 9: PAM/fail2ban: ❌ НЕ ПРОЙДЕН Пункт 10: Резервное копирование: ❌ НЕ ПРОЙДЕН 📈 Выполнено 2.00 из 10.00 пунктов.
A5: Серегин Максим Андреевич | B5: ГБПОУ Колледж «Царицыно» | C5: Student-m2-04 | D5: test_m3v1 | E5: 2 | F5: 6 | G5: 📊 ИТОГОВЫЙ ОТЧЁТ: ============================================================ Пункт 1: Импорт пользователей: ❌ НЕ ПРОЙДЕН Пункт 2: Центр сертификации: ❌ НЕ ПРОЙДЕН Пункт 3: IPsec: ✅ ПРОЙДЕН Пункт 4: Межсетевой экран: ✅ ПРОЙДЕН Пункт 5: CUPS: ❌ НЕ ПРОЙДЕН Пункт 6: Syslog: ❌ НЕ ПРОЙДЕН Пункт 7: Zabbix: ❌ НЕ ПРОЙДЕН Пункт 8: Ansible инвентаризация: ❌ НЕ ПРОЙДЕН Пункт 9: PAM/fail2ban: ❌ НЕ ПРОЙДЕН Пункт 10: Резервное копирование: ❌ НЕ ПРОЙДЕН 📈 Выполнено 2.00 из 10.00 пунктов.
A6: Спирин Иван Дмитриевич | B6: ГБПОУ Колледж «Царицыно» | C6: Student-m2-05 | D6: test_m3v1 | E6: 2 | F6: 4 | G6: 📊 ИТОГОВЫЙ ОТЧЁТ: ============================================================ Пункт 1: Импорт пользователей: ✅ ПРОЙДЕН Пункт 2: Центр сертификации: ❌ НЕ ПРОЙДЕН Пункт 3: IPsec: ❌ НЕ ПРОЙДЕН Пункт 4: Межсетевой экран: ✅ ПРОЙДЕН Пункт 5: CUPS: ❌ НЕ ПРОЙДЕН Пункт 6: Syslog: ❌ НЕ ПРОЙДЕН Пункт 7: Zabbix: ❌ НЕ ПРОЙДЕН Пункт 8: Ansible инвентаризация: ❌ НЕ ПРОЙДЕН Пункт 9: PAM/fail2ban: ❌ НЕ ПРОЙДЕН Пункт 10: Резервное копирование: ❌ НЕ ПРОЙДЕН 📈 Выполнено 2.00 из 10.00 пунктов.
A7: Ефремов Андрей Сергеевич | B7: ГБПОУ КС Nº 54 | C7: Student-m2-06 | D7: test_m3v1 | E7: 2 | F7: 4 | G7: 📊 ИТОГОВЫЙ ОТЧЁТ: ============================================================ Пункт 1: Импорт пользователей: ❌ НЕ ПРОЙДЕН Пункт 2: Центр сертификации: ❌ НЕ ПРОЙДЕН Пункт 3: IPsec: ✅ ПРОЙДЕН Пункт 4: Межсетевой экран: ✅ ПРОЙДЕН Пункт 5: CUPS: ❌ НЕ ПРОЙДЕН Пункт 6: Syslog: ❌ НЕ ПРОЙДЕН Пункт 7: Zabbix: ❌ НЕ ПРОЙДЕН Пункт 8: Ansible инвентаризация: ❌ НЕ ПРОЙДЕН Пункт 9: PAM/fail2ban: ❌ НЕ ПРОЙДЕН Пункт 10: Резервное копирование: ❌ НЕ ПРОЙДЕН 📈 Выполнено 2.00 из 10.00 пунктов.
A8: Гладков Даниил Алексеевич | B8: ГБПОУ КС Nº 54 | C8: Student-m2-07 | D8: test_m3v1 | E8: 2 | F8: 6 | G8: 📊 ИТОГОВЫЙ ОТЧЁТ: ============================================================ Пункт 1: Импорт пользователей: ❌ НЕ ПРОЙДЕН Пункт 2: Центр сертификации: ❌ НЕ ПРОЙДЕН Пункт 3: IPsec: ✅ ПРОЙДЕН Пункт 4: Межсетевой экран: ✅ ПРОЙДЕН Пункт 5: CUPS: ❌ НЕ ПРОЙДЕН Пункт 6: Syslog: ❌ НЕ ПРОЙДЕН Пункт 7: Zabbix: ❌ НЕ ПРОЙДЕН Пункт 8: Ansible инвентаризация: ❌ НЕ ПРОЙДЕН Пункт 9: PAM/fail2ban: ❌ НЕ ПРОЙДЕН Пункт 10: Резервное копирование: ❌ НЕ ПРОЙДЕН 📈 Выполнено 2.00 из 10.00 пунктов.
A9: Линник Николай Александрович | B9: ГБПОУ КП Nº 11 | C9: Student-m2-08 | D9: test_m3v1 | E9: 2 | F9: 4 | G9: 📊 ИТОГОВЫЙ ОТЧЁТ: ============================================================ Пункт 1: Импорт пользователей: ❌ НЕ ПРОЙДЕН Пункт 2: Центр сертификации: ❌ НЕ ПРОЙДЕН Пункт 3: IPsec: ✅ ПРОЙДЕН Пункт 4: Межсетевой экран: ✅ ПРОЙДЕН Пункт 5: CUPS: ❌ НЕ ПРОЙДЕН Пункт 6: Syslog: ❌ НЕ ПРОЙДЕН Пункт 7: Zabbix: ❌ НЕ ПРОЙДЕН Пункт 8: Ansible инвентаризация: ❌ НЕ ПРОЙДЕН Пункт 9: PAM/fail2ban: ❌ НЕ ПРОЙДЕН Пункт 10: Резервное копирование: ❌ НЕ ПРОЙДЕН 📈 Выполнено 2.00 из 10.00 пунктов.
A10: Бодаев Михаил Михайлович | B10: ГБПОУ КС Nº 54 | C10: Student-m2-09 | D10: test_m3v1 | E10: 2 | F10: 4 | G10: 📊 ИТОГОВЫЙ ОТЧЁТ: ============================================================ Пункт 1: Импорт пользователей: ❌ НЕ ПРОЙДЕН Пункт 2: Центр сертификации: ❌ НЕ ПРОЙДЕН Пункт 3: IPsec: ✅ ПРОЙДЕН Пункт 4: Межсетевой экран: ✅ ПРОЙДЕН Пункт 5: CUPS: ❌ НЕ ПРОЙДЕН Пункт 6: Syslog: ❌ НЕ ПРОЙДЕН Пункт 7: Zabbix: ❌ НЕ ПРОЙДЕН Пункт 8: Ansible инвентаризация: ❌ НЕ ПРОЙДЕН Пункт 9: PAM/fail2ban: ❌ НЕ ПРОЙДЕН Пункт 10: Резервное копирование: ❌ НЕ ПРОЙДЕН 📈 Выполнено 2.00 из 10.00 пунктов.
A11: Коханный Максим Владимирович | B11: иная | C11: Student-m2-10 | D11: test_m3v1 | E11: 2 | F11: 4 | G11: 📊 ИТОГОВЫЙ ОТЧЁТ: ============================================================ Пункт 1: Импорт пользователей: ❌ НЕ ПРОЙДЕН Пункт 2: Центр сертификации: ❌ НЕ ПРОЙДЕН Пункт 3: IPsec: ✅ ПРОЙДЕН Пункт 4: Межсетевой экран: ✅ ПРОЙДЕН Пункт 5: CUPS: ❌ НЕ ПРОЙДЕН Пункт 6: Syslog: ❌ НЕ ПРОЙДЕН Пункт 7: Zabbix: ❌ НЕ ПРОЙДЕН Пункт 8: Ansible инвентаризация: ❌ НЕ ПРОЙДЕН Пункт 9: PAM/fail2ban: ❌ НЕ ПРОЙДЕН Пункт 10: Резервное копирование: ❌ НЕ ПРОЙДЕН 📈 Выполнено 2.00 из 10.00 пунктов.
A12: Архипова Мария Сергеевна | B12: иная | C12: Student-m2-11 | D12: test_m3v1 | E12: 3 | F12: 5 | G12: 📊 ИТОГОВЫЙ ОТЧЁТ: ============================================================ Пункт 1: Импорт пользователей: ❌ НЕ ПРОЙДЕН Пункт 2: Центр сертификации: ❌ НЕ ПРОЙДЕН Пункт 3: IPsec: ✅ ПРОЙДЕН Пункт 4: Межсетевой экран: ✅ ПРОЙДЕН Пункт 5: CUPS: ✅ ПРОЙДЕН Пункт 6: Syslog: ❌ НЕ ПРОЙДЕН Пункт 7: Zabbix: ❌ НЕ ПРОЙДЕН Пункт 8: Ansible инвентаризация: ❌ НЕ ПРОЙДЕН Пункт 9: PAM/fail2ban: ❌ НЕ ПРОЙДЕН Пункт 10: Резервное копирование: ❌ НЕ ПРОЙДЕН 📈 Выполнено 3.00 из 10.00 пунктов.
A13: Кошелев Максим Алексеевич | B13: ГБПОУ КП Nº 11 | C13: Student-m2-12 | D13: test_m3v1 | E13: 4 | F13: 7 | G13: 📊 ИТОГОВЫЙ ОТЧЁТ: ============================================================ Пункт 1: Импорт пользователей: ✅ ПРОЙДЕН Пункт 2: Центр сертификации: ❌ НЕ ПРОЙДЕН Пункт 3: IPsec: ✅ ПРОЙДЕН Пункт 4: Межсетевой экран: ✅ ПРОЙДЕН Пункт 5: CUPS: ✅ ПРОЙДЕН Пункт 6: Syslog: ❌ НЕ ПРОЙДЕН Пункт 7: Zabbix: ❌ НЕ ПРОЙДЕН Пункт 8: Ansible инвентаризация: ❌ НЕ ПРОЙДЕН Пункт 9: PAM/fail2ban: ❌ НЕ ПРОЙДЕН Пункт 10: Резервное копирование: ❌ НЕ ПРОЙДЕН 📈 Выполнено 4.00 из 10.00 пунктов.
... A22: Аносов Игорь Андреевич | B22: иная | C22: Student-m2-21 | D22: test_m3v1 | E22: 3 | F22: 5 | G22: 📊 ИТОГОВЫЙ ОТЧЁТ: ============================================================ Пункт 1: Импорт пользователей: ❌ НЕ ПРОЙДЕН Пункт 2: Центр сертификации: ❌ НЕ ПРОЙДЕН Пункт 3: IPsec: ✅ ПРОЙДЕН Пункт 4: Межсетевой экран: ✅ ПРОЙДЕН Пункт 5: CUPS: ✅ ПРОЙДЕН Пункт 6: Syslog: ❌ НЕ ПРОЙДЕН Пункт 7: Zabbix: ❌ НЕ ПРОЙДЕН Пункт 8: Ansible инвентаризация: ❌ НЕ ПРОЙДЕН Пункт 9: PAM/fail2ban: ❌ НЕ ПРОЙДЕН Пункт 10: Резервное копирование: ❌ НЕ ПРОЙДЕН 📈 Выполнено 3.00 из 10.00 пунктов.

Sheet ИТОГ
A1: ФИО | B1: Колледж | C1: Имя пользователя | D1: Вариант | E1: Финальная сумма по всем модулям) | F1: Процент выполнения
A2: Деркач Фёдор Вадимович | B2: ГБПОУ КАИТ Nº 20 | E2: =SUM('MOD-1'!F2, 'MOD-2'!F2, 'MOD-3'!F2) -> 23 | F2: =(E2/75)*100 -> 30.666667
A3: Черных Никита Олегович | B3: иная | E3: =SUM('MOD-1'!F3, 'MOD-2'!F3, 'MOD-3'!F3) -> 23 | F3: =(E3/75)*100 -> 30.666667
A4: Мамедов Дмитрий Сехранович | B4: иная | E4: =SUM('MOD-1'!F4, 'MOD-2'!F4, 'MOD-3'!F4) -> 23 | F4: =(E4/75)*100 -> 30.666667
A5: Серегин Максим Андреевич | B5: ГБПОУ Колледж «Царицыно» | E5: =SUM('MOD-1'!F5, 'MOD-2'!F5, 'MOD-3'!F5) -> 22 | F5: =(E5/75)*100 -> 29.333333
A6: Спирин Иван Дмитриевич | B6: ГБПОУ Колледж «Царицыно» | E6: =SUM('MOD-1'!F6, 'MOD-2'!F6, 'MOD-3'!F6) -> 22 | F6: =(E6/75)*100 -> 29.333333
A7: Ефремов Андрей Сергеевич | B7: ГБПОУ КС Nº 54 | E7: =SUM('MOD-1'!F7, 'MOD-2'!F7, 'MOD-3'!F7) -> 24 | F7: =(E7/75)*100 -> 32
A8: Гладков Даниил Алексеевич | B8: ГБПОУ КС Nº 54 | E8: =SUM('MOD-1'!F8, 'MOD-2'!F8, 'MOD-3'!F8) -> 27 | F8: =(E8/75)*100 -> 36
A9: Линник Николай Александрович | B9: ГБПОУ КП Nº 11 | E9: =SUM('MOD-1'!F9, 'MOD-2'!F9, 'MOD-3'!F9) -> 19 | F9: =(E9/75)*100 -> 25.333333
A10: Бодаев Михаил Михайлович | B10: ГБПОУ КС Nº 54 | E10: =SUM('MOD-1'!F10, 'MOD-2'!F10, 'MOD-3'!F10) -> 24 | F10: =(E10/75)*100 -> 32
A11: Коханный Максим Владимирович | B11: иная | E11: =SUM('MOD-1'!F11, 'MOD-2'!F11, 'MOD-3'!F11) -> 24 | F11: =(E11/75)*100 -> 32
A12: Архипова Мария Сергеевна | B12: иная | E12: =SUM('MOD-1'!F12, 'MOD-2'!F12, 'MOD-3'!F12) -> 27 | F12: =(E12/75)*100 -> 36
A13: Кошелев Максим Алексеевич | B13: ГБПОУ КП Nº 11 | E13: =SUM('MOD-1'!F13, 'MOD-2'!F13, 'MOD-3'!F13) -> 30 | F13: =(E13/75)*100 -> 40
... A22: Аносов Игорь Андреевич | B22: иная | E22: =SUM('MOD-1'!F22, 'MOD-2'!F22, 'MOD-3'!F22) -> 24 | F22: =(E22/75)*100 -> 32
